workload,request_id,decisions,baseline_pass_1_s,baseline_pass_2_s,candidate_pass_1_s,candidate_pass_2_s
single,original-policy-01-0,1,0.02081034518778324,0.020888302475214005,0.02070673182606697,0.02102378662675619
single,original-policy-01-1,1,0.020581857301294804,0.02029157243669033,0.020328269340097904,0.020304175093770027
single,original-policy-02-0,1,0.020347668789327145,0.020267066545784473,0.020346115343272686,0.020249629393219948
single,original-policy-02-1,1,0.020271546207368374,0.020191791467368603,0.02025262825191021,0.020153488032519817
single,original-policy-03-0,1,0.020382529124617577,0.020260430872440338,0.02033732831478119,0.020187209360301495
single,original-policy-03-1,1,0.020372312515974045,0.020265068858861923,0.02033795416355133,0.02015122678130865
single,original-policy-04-0,1,0.02021338976919651,0.01998906210064888,0.02011373359709978,0.019818680360913277
single,original-policy-04-1,1,0.020397797226905823,0.020226269960403442,0.02050396427512169,0.02023342903703451
single,original-policy-05-0,1,0.020193105563521385,0.02005042787641287,0.020103657618165016,0.019951640628278255
single,original-policy-05-1,1,0.020449104718863964,0.020225469022989273,0.02030393574386835,0.020195932127535343
single,original-policy-06-0,1,0.020273881033062935,0.020104880444705486,0.020143773406744003,0.020309917628765106
single,original-policy-06-1,1,0.02033931389451027,0.020247661508619785,0.020356560125947,0.020288855768740177
single,original-adequacy-01-0,1,0.02002322394400835,0.02000794466584921,0.02019086852669716,0.019934583455324173
single,original-adequacy-01-1,1,0.019873691722750664,0.019694486632943153,0.020045402459800243,0.019769652746617794
single,original-adequacy-02-0,1,0.020181038416922092,0.019852581433951855,0.020120203495025635,0.019890408031642437
single,original-adequacy-02-1,1,0.02023028116673231,0.02001357264816761,0.020188260823488235,0.019911741837859154
single,original-adequacy-03-0,1,0.020138688385486603,0.02005852572619915,0.02012857049703598,0.01991879940032959
single,original-adequacy-03-1,1,0.0201422069221735,0.020051089115440845,0.020174591802060604,0.01998015306890011
single,original-adequacy-04-0,1,0.020213251933455467,0.02016372699290514,0.020184488967061043,0.01997008826583624
single,original-adequacy-04-1,1,0.02003743313252926,0.020044841803610325,0.020054891705513,0.01992800273001194
single,original-adequacy-05-0,1,0.0198267949745059,0.019766349345445633,0.019913638941943645,0.01975338812917471
single,original-adequacy-05-1,1,0.01978136505931616,0.019727567210793495,0.019874180667102337,0.019759004935622215
single,original-adequacy-06-0,1,0.020377458073198795,0.020235885865986347,0.020230702124536037,0.02017976902425289
single,original-adequacy-06-1,1,0.020388481207191944,0.02028157375752926,0.0203027855604887,0.020141683518886566
single,easy-fact-00,1,0.02024342492222786,0.02012493833899498,0.019986975006759167,0.0198395112529397
single,easy-fact-01,1,0.020035965368151665,0.019845250993967056,0.019769122824072838,0.019686099141836166
single,easy-fact-02,1,0.02021977584809065,0.020200642757117748,0.019935132935643196,0.01989852637052536
single,easy-fact-03,1,0.020341988652944565,0.020295899361371994,0.020071161910891533,0.020047363825142384
single,easy-fact-04,1,0.019875151105225086,0.019815084524452686,0.019693628884851933,0.019743189215660095
single,easy-fact-05,1,0.019891698844730854,0.019871583208441734,0.019773351959884167,0.019858533516526222
single,easy-fact-06,1,0.020053020678460598,0.020104684866964817,0.019894280470907688,0.019848665222525597
single,easy-fact-07,1,0.019789351150393486,0.019749892875552177,0.019639788195490837,0.019666442647576332
single,easy-fact-08,1,0.01975057367235422,0.01964633632451296,0.019590686075389385,0.01966224517673254
single,easy-fact-09,1,0.01967847626656294,0.019676935859024525,0.019604568369686604,0.01983362529426813
single,easy-fact-10,1,0.01986348908394575,0.019925798289477825,0.019843870773911476,0.020017574541270733
single,easy-fact-11,1,0.019913519732654095,0.020109256729483604,0.01988764200359583,0.019893267191946507
single,hard-opus-a-long_policy-11,1,0.21176895778626204,0.21378031093627214,0.21517783030867577,0.21072582714259624
single,hard-opus-a-long_policy-13,1,0.22137836087495089,0.22203110624104738,0.2203979603946209,0.22783073224127293
single,hard-opus-a-long_policy-19,1,0.22163983434438705,0.22652530763298273,0.2294031335040927,0.22874982096254826
single,hard-opus-a-probability-03,1,0.04742553364485502,0.0469998624175787,0.04930546693503857,0.046847143210470676
single,hard-opus-a-probability-08,1,0.04281137976795435,0.042760965414345264,0.04346830863505602,0.04213203676044941
single,hard-opus-a-temporal_numeric-03,1,0.049448054283857346,0.0497997272759676,0.050822812132537365,0.049852085299789906
single,hard-opus-a-temporal_numeric-06,1,0.05815286189317703,0.06036674324423075,0.060041834600269794,0.05882532987743616
single,hard-opus-a-temporal_numeric-09,1,0.05756783485412598,0.056287022307515144,0.05632245633751154,0.05639549996703863
single,hard-opus-b-multi_hop-08,1,0.2181630078703165,0.2145283343270421,0.21560550574213266,0.21291996352374554
single,hard-opus-b-probability-03,1,0.1130249472334981,0.11298779677599669,0.11236789915710688,0.11362842004746199
single,hard-opus-b-tradeoff-06,1,0.07559008430689573,0.07654078770428896,0.07634077779948711,0.07649533730000257
single,hard-opus-b-tradeoff-08,1,0.05837902706116438,0.05885340552777052,0.05886319372802973,0.05980461835861206
single,hard-opus-c-long_policy-04,1,0.3066014423966408,0.3108488405123353,0.31414505932480097,0.31355208065360785
single,hard-opus-c-long_policy-11,1,0.3298046961426735,0.3276161439716816,0.3304365696385503,0.3229247434064746
single,hard-opus-c-temporal_numeric-02,1,0.08852543868124485,0.09080446790903807,0.08996532671153545,0.08906852267682552
single,hard-sol-a-adversarial-06,1,0.02796135190874338,0.02808993775397539,0.029309767298400402,0.027813095599412918
single,hard-sol-a-adversarial-08,1,0.027125478722155094,0.027529802173376083,0.027244138531386852,0.027020197361707687
single,hard-sol-a-trap-02,1,0.031932451762259007,0.03291715495288372,0.03304482437670231,0.03317889105528593
single,hard-sol-a-trap-04,1,0.025454387068748474,0.0253780884668231,0.02562911156564951,0.025792223401367664
single,hard-sol-a-trap-13,1,0.025850597769021988,0.025490470230579376,0.025519649498164654,0.025620808824896812
single,hard-sol-a-trap-15,1,0.03252379409968853,0.03231658972799778,0.03236565086990595,0.03212971054017544
single,hard-sol-b-judge_hard-01,1,0.031981014646589756,0.03187849186360836,0.03182569518685341,0.03155826963484287
single,hard-sol-b-judge_hard-02,1,0.02644006721675396,0.02668468188494444,0.026584510691463947,0.026384525001049042
single,hard-sol-b-judge_hard-05,1,0.028231196105480194,0.028163609094917774,0.028525520116090775,0.02872964832931757
single,hard-sol-b-judge_hard-08,1,0.026644441299140453,0.026962414383888245,0.026573524810373783,0.026577326469123363
single,hard-sol-b-judge_hard-10,1,0.028205085545778275,0.02889356669038534,0.02756207063794136,0.029585218988358974
single,hard-sol-b-judge_hard-14,1,0.027772091329097748,0.028051892295479774,0.027320955879986286,0.028694654814898968
single,hard-sol-b-judge_hard-15,1,0.02664110530167818,0.02636315394192934,0.02652369625866413,0.027234056033194065
single,hard-sol-b-judge_hard-18,1,0.024477320723235607,0.02382808458060026,0.02434912882745266,0.02495672833174467
single,hard-sol-c-judge_hard-03,1,0.040552801452577114,0.040989965200424194,0.04189595114439726,0.04184152651578188
single,hard-sol-c-judge_hard-05,1,0.03720196522772312,0.0387018658220768,0.03820089530199766,0.0378299867734313
single,hard-sol-c-judge_hard-07,1,0.03605147358030081,0.036928389221429825,0.03605798538774252,0.03571134153753519
single,hard-sol-c-judge_hard-08,1,0.03578027058392763,0.03331796079874039,0.034536113031208515,0.03319684974849224
single,hard-sol-c-judge_hard-09,1,0.03959968499839306,0.037440359592437744,0.03772969637066126,0.03710372932255268
single,hard-sol-c-judge_hard-10,1,0.040762814693152905,0.04035297594964504,0.040080199018120766,0.03984433505684137
single,hard-sol-c-judge_hard-11,1,0.03815429285168648,0.03863897547125816,0.038152233697474,0.037671202793717384
single,hard-sol-c-judge_hard-13,1,0.03701641317456961,0.03737915027886629,0.03697569761425257,0.03675248101353645
single,hard-sol-c-judge_hard-15,1,0.03342884033918381,0.03331714868545532,0.03307904954999685,0.033179253339767456
questions-4,original-policy-01-0-q4,4,0.08121675997972488,0.08077133819460869,0.06321162823587656,0.06507930066436529
questions-4,original-policy-01-1-q4,4,0.08035885822027922,0.08028338756412268,0.06045289617031813,0.060953172855079174
questions-4,original-policy-02-0-q4,4,0.08066147845238447,0.08092384785413742,0.05725836753845215,0.05729231610894203
questions-4,original-policy-02-1-q4,4,0.08027491718530655,0.08027025312185287,0.0564371719956398,0.05635155364871025
questions-4,original-policy-03-0-q4,4,0.08033824805170298,0.08040370978415012,0.05677344463765621,0.05692318081855774
questions-4,original-policy-03-1-q4,4,0.0801288178190589,0.08024972211569548,0.05656735599040985,0.05681983381509781
questions-4,original-policy-04-0-q4,4,0.0792480232194066,0.07938346546143293,0.05954006314277649,0.058688657358288765
questions-4,original-policy-04-1-q4,4,0.08045385126024485,0.08079447504132986,0.058638128452003,0.05782437510788441
questions-4,original-policy-05-0-q4,4,0.07963122148066759,0.07967977225780487,0.05990747641772032,0.05973853264003992
questions-4,original-policy-05-1-q4,4,0.0802569342777133,0.08054290525615215,0.05743120424449444,0.057600575499236584
questions-4,original-policy-06-0-q4,4,0.07976769097149372,0.07972896751016378,0.060274384915828705,0.06059269234538078
questions-4,original-policy-06-1-q4,4,0.08052570093423128,0.08173689525574446,0.057524142786860466,0.058380674570798874
questions-4,original-adequacy-01-0-q4,4,0.07914777100086212,0.07956595532596111,0.05471959616988897,0.055156827904284
questions-4,original-adequacy-01-1-q4,4,0.0781913036480546,0.07826322875916958,0.05434275884181261,0.05419527646154165
questions-4,original-adequacy-02-0-q4,4,0.0788645651191473,0.07889253925532103,0.05493144504725933,0.055393606424331665
questions-4,original-adequacy-02-1-q4,4,0.07947022654116154,0.07942851353436708,0.05544907599687576,0.05547427572309971
questions-4,original-adequacy-03-0-q4,4,0.07934652641415596,0.07940807938575745,0.05720856972038746,0.055893683806061745
questions-4,original-adequacy-03-1-q4,4,0.07977482862770557,0.07952272985130548,0.056189331226050854,0.055645352229475975
questions-4,original-adequacy-04-0-q4,4,0.07950487080961466,0.07942201942205429,0.0562599403783679,0.056472803466022015
questions-4,original-adequacy-04-1-q4,4,0.07919340953230858,0.07915555126965046,0.055537400767207146,0.05508987884968519
questions-4,original-adequacy-05-0-q4,4,0.07804075535386801,0.07804688345640898,0.05466490797698498,0.05443546827882528
questions-4,original-adequacy-05-1-q4,4,0.07809603773057461,0.07806482445448637,0.054221078753471375,0.055259983986616135
questions-4,original-adequacy-06-0-q4,4,0.08002882543951273,0.08000223059207201,0.05842426046729088,0.058377500623464584
questions-4,original-adequacy-06-1-q4,4,0.0801912359893322,0.08014713600277901,0.05739328544586897,0.057219989597797394
questions-4,easy-fact-00-q4,4,0.07925026677548885,0.07907824404537678,0.05438528675585985,0.0544439610093832
questions-4,easy-fact-01-q4,4,0.07838347088545561,0.07826960645616055,0.055420104414224625,0.05412238836288452
questions-4,easy-fact-02-q4,4,0.07955682463943958,0.07938146591186523,0.05494390707463026,0.05641800817102194
questions-4,easy-fact-03-q4,4,0.0800684904679656,0.08006149530410767,0.056753477081656456,0.0563310319557786
questions-4,easy-fact-04-q4,4,0.07833447400480509,0.07843679934740067,0.05441931542009115,0.053966631181538105
questions-4,easy-fact-05-q4,4,0.07866242807358503,0.0787829514592886,0.05455311946570873,0.0548781082034111
questions-4,easy-fact-06-q4,4,0.07931713946163654,0.07926564384251833,0.06197750475257635,0.06273819785565138
questions-4,easy-fact-07-q4,4,0.07795443013310432,0.07792929373681545,0.05394017603248358,0.05396429356187582
questions-4,easy-fact-08-q4,4,0.07779624499380589,0.0777341965585947,0.05558489914983511,0.05526716914027929
questions-4,easy-fact-09-q4,4,0.07772835996001959,0.07778767216950655,0.05529818031936884,0.05482165236026049
questions-4,easy-fact-10-q4,4,0.07856766227632761,0.07853275444358587,0.054916851222515106,0.054661222733557224
questions-4,easy-fact-11-q4,4,0.07906865049153566,0.07909476384520531,0.056164815090596676,0.05467402748763561
questions-4,hard-opus-a-probability-08-q4,4,0.15954467747360468,0.16167007759213448,0.1515036979690194,0.15133407432585955
questions-4,hard-sol-a-adversarial-06-q4,4,0.11340197827666998,0.11018222291022539,0.1042754715308547,0.10880056489259005
questions-4,hard-sol-a-adversarial-08-q4,4,0.10854428727179766,0.10908480081707239,0.09550650045275688,0.09719940461218357
questions-4,hard-sol-a-trap-02-q4,4,0.13059690315276384,0.13163178134709597,0.12270038202404976,0.12002086453139782
questions-4,hard-sol-a-trap-04-q4,4,0.10183833725750446,0.10134927090257406,0.0895042298361659,0.09015883784741163
questions-4,hard-sol-a-trap-13-q4,4,0.1040317490696907,0.10315863322466612,0.09101295936852694,0.09177765063941479
questions-4,hard-sol-a-trap-15-q4,4,0.13646090123802423,0.13204425666481256,0.12216869462281466,0.12436570320278406
questions-4,hard-sol-b-judge_hard-01-q4,4,0.129834889434278,0.12748553603887558,0.1167262913659215,0.11798160430043936
questions-4,hard-sol-b-judge_hard-02-q4,4,0.10448930785059929,0.10395772848278284,0.09223071672022343,0.09086407907307148
questions-4,hard-sol-b-judge_hard-05-q4,4,0.11239486839622259,0.11311410553753376,0.10273012984544039,0.1008826196193695
questions-4,hard-sol-b-judge_hard-08-q4,4,0.10841288324445486,0.10864491481333971,0.09251700341701508,0.09442747943103313
questions-4,hard-sol-b-judge_hard-10-q4,4,0.11393897142261267,0.11464154627174139,0.10410753451287746,0.10386680532246828
questions-4,hard-sol-b-judge_hard-14-q4,4,0.11327060963958502,0.1110995328053832,0.10640417318791151,0.10580927599221468
questions-4,hard-sol-b-judge_hard-15-q4,4,0.10513919033110142,0.10643853526562452,0.09310258273035288,0.09522844385355711
questions-4,hard-sol-b-judge_hard-18-q4,4,0.09400731883943081,0.09578841831535101,0.0793972471728921,0.08036240097135305
questions-4,hard-sol-c-judge_hard-03-q4,4,0.16462202742695808,0.16286872047930956,0.15326612070202827,0.15335650742053986
questions-4,hard-sol-c-judge_hard-05-q4,4,0.15439793188124895,0.15367948170751333,0.14211427047848701,0.14237547758966684
questions-4,hard-sol-c-judge_hard-07-q4,4,0.1431005634367466,0.14196058362722397,0.1327682500705123,0.13217727094888687
questions-4,hard-sol-c-judge_hard-08-q4,4,0.133301786147058,0.1329886382445693,0.12662024330347776,0.12686536740511656
questions-4,hard-sol-c-judge_hard-09-q4,4,0.14702362194657326,0.14910012483596802,0.14203596115112305,0.1412455542013049
questions-4,hard-sol-c-judge_hard-10-q4,4,0.16213070135563612,0.16103309486061335,0.15270814392715693,0.14912148378789425
questions-4,hard-sol-c-judge_hard-11-q4,4,0.1486551184207201,0.14783655852079391,0.13909981027245522,0.14161898847669363
questions-4,hard-sol-c-judge_hard-13-q4,4,0.1453861352056265,0.14731405023485422,0.13389879278838634,0.13447910640388727
questions-4,hard-sol-c-judge_hard-15-q4,4,0.13022752664983273,0.13097235839813948,0.11986418161541224,0.11941787134855986
questions-8,original-policy-01-0-q8,8,0.16078681591898203,0.1609477587044239,0.11501733679324389,0.11522812210023403
questions-8,original-policy-01-1-q8,8,0.1599606405943632,0.16051357612013817,0.11690837237983942,0.1172329131513834
questions-8,original-policy-02-0-q8,8,0.160559787414968,0.16061993036419153,0.11084581259638071,0.11060481239110231
questions-8,original-policy-02-1-q8,8,0.1597910625860095,0.15997065883129835,0.10986006259918213,0.10980174038559198
questions-8,original-policy-03-0-q8,8,0.15998746640980244,0.16032838076353073,0.11154317203909159,0.11142586078494787
questions-8,original-policy-03-1-q8,8,0.16117733716964722,0.1611775914207101,0.10935582313686609,0.11007114220410585
questions-8,original-policy-04-0-q8,8,0.16033499129116535,0.16036919597536325,0.11350606009364128,0.11372252367436886
questions-8,original-policy-04-1-q8,8,0.160899942740798,0.1610167371109128,0.11706171091645956,0.11588556971400976
questions-8,original-policy-05-0-q8,8,0.1597539521753788,0.16034169774502516,0.12045183219015598,0.12000620272010565
questions-8,original-policy-05-1-q8,8,0.16117433924227953,0.1607238333672285,0.11343692801892757,0.11424795165657997
questions-8,original-policy-06-0-q8,8,0.16079493053257465,0.1608268627896905,0.11732386332005262,0.11733606271445751
questions-8,original-policy-06-1-q8,8,0.16074191126972437,0.16077054012566805,0.11267818789929152,0.11381306871771812
questions-8,original-adequacy-01-0-q8,8,0.15870594419538975,0.15866100322455168,0.1067879656329751,0.10623183846473694
questions-8,original-adequacy-01-1-q8,8,0.1562205646187067,0.1562682306393981,0.10601120255887508,0.10579135455191135
questions-8,original-adequacy-02-0-q8,8,0.15728759299963713,0.15735474415123463,0.105084796436131,0.1065595829859376
questions-8,original-adequacy-02-1-q8,8,0.15810890402644873,0.1579051474109292,0.1042238138616085,0.10505293030291796
questions-8,original-adequacy-03-0-q8,8,0.15826172567903996,0.1585646914318204,0.10652301087975502,0.10615278501063585
questions-8,original-adequacy-03-1-q8,8,0.15884616784751415,0.1587766008451581,0.1062777042388916,0.10819937661290169
questions-8,original-adequacy-04-0-q8,8,0.1587467510253191,0.15881475806236267,0.1061132587492466,0.10852077044546604
questions-8,original-adequacy-04-1-q8,8,0.15823656041175127,0.15838452149182558,0.10565267596393824,0.10837263613939285
questions-8,original-adequacy-05-0-q8,8,0.1560490932315588,0.1558803990483284,0.1022888533771038,0.10460546892136335
questions-8,original-adequacy-05-1-q8,8,0.15630687773227692,0.15603235643357038,0.10271507315337658,0.10341479163616896
questions-8,original-adequacy-06-0-q8,8,0.16018626280128956,0.15998790226876736,0.11107498500496149,0.11142548732459545
questions-8,original-adequacy-06-1-q8,8,0.15997202321887016,0.16024103481322527,0.11175504419952631,0.11116872821003199
questions-8,easy-fact-00-q8,8,0.15751459263265133,0.1580251269042492,0.10498890187591314,0.10580422636121511
questions-8,easy-fact-01-q8,8,0.156127592548728,0.15644090063869953,0.10577787552028894,0.10812567640095949
questions-8,easy-fact-02-q8,8,0.15868798084557056,0.15865547116845846,0.10732526239007711,0.10818255878984928
questions-8,easy-fact-03-q8,8,0.1645247731357813,0.16017436981201172,0.11111480463296175,0.11044393479824066
questions-8,easy-fact-04-q8,8,0.15679533034563065,0.15635274909436703,0.10584187600761652,0.10683869756758213
questions-8,easy-fact-05-q8,8,0.15861796960234642,0.15713563933968544,0.1041916674003005,0.10486364178359509
questions-8,easy-fact-06-q8,8,0.15956519078463316,0.15940775629132986,0.11393707152456045,0.11446250323206186
questions-8,easy-fact-07-q8,8,0.15637547802180052,0.15605615358799696,0.10599928349256516,0.10636500082910061
questions-8,easy-fact-08-q8,8,0.15576528012752533,0.15583895612508059,0.10123438946902752,0.10207103565335274
questions-8,easy-fact-09-q8,8,0.15608464181423187,0.15567784570157528,0.09992413315922022,0.10012270044535398
questions-8,easy-fact-10-q8,8,0.15730905812233686,0.15738904476165771,0.10445038042962551,0.10417828988283873
questions-8,easy-fact-11-q8,8,0.15803071670234203,0.15824270620942116,0.10466332361102104,0.10444131586700678
questions-8,hard-opus-a-probability-08-q8,8,0.3227981962263584,0.32440505363047123,0.3059441354125738,0.30695053562521935
questions-8,hard-sol-a-adversarial-06-q8,8,0.2305390015244484,0.23074593860656023,0.20472123380750418,0.2047848291695118
questions-8,hard-sol-a-adversarial-08-q8,8,0.2185986414551735,0.22007994633167982,0.19076173286885023,0.1918493863195181
questions-8,hard-sol-a-trap-02-q8,8,0.26008088514208794,0.25931433122605085,0.23842435237020254,0.24109140038490295
questions-8,hard-sol-a-trap-04-q8,8,0.2017742618918419,0.20095088239759207,0.17280766367912292,0.1728870626538992
questions-8,hard-sol-a-trap-13-q8,8,0.20535727497190237,0.2032159585505724,0.18157331179827452,0.1822934551164508
questions-8,hard-sol-a-trap-15-q8,8,0.26925958693027496,0.2690282594412565,0.2451084228232503,0.2484713038429618
questions-8,hard-sol-b-judge_hard-01-q8,8,0.2574078096076846,0.26066965982317924,0.23061509430408478,0.2297003148123622
questions-8,hard-sol-b-judge_hard-02-q8,8,0.21303673647344112,0.2091723559424281,0.18816000316292048,0.18948931619524956
questions-8,hard-sol-b-judge_hard-05-q8,8,0.22839554958045483,0.22839483246207237,0.2045498052611947,0.20244073122739792
questions-8,hard-sol-b-judge_hard-08-q8,8,0.20912430807948112,0.2142850775271654,0.18658673483878374,0.18467264343053102
questions-8,hard-sol-b-judge_hard-10-q8,8,0.2271367022767663,0.22553264908492565,0.2036987692117691,0.20484731812030077
questions-8,hard-sol-b-judge_hard-14-q8,8,0.22732973098754883,0.22850064560770988,0.20405963715165854,0.20452484674751759
questions-8,hard-sol-b-judge_hard-15-q8,8,0.20609948690980673,0.20389264449477196,0.18290913570672274,0.1833201888948679
questions-8,hard-sol-b-judge_hard-18-q8,8,0.1878449134528637,0.18773649912327528,0.15711795445531607,0.15643949154764414
questions-8,hard-sol-c-judge_hard-03-q8,8,0.3286048546433449,0.3302147137001157,0.3056042520329356,0.30241071432828903
questions-8,hard-sol-c-judge_hard-05-q8,8,0.3102688295766711,0.31295446306467056,0.2797259949147701,0.28032094053924084
questions-8,hard-sol-c-judge_hard-07-q8,8,0.2880890481173992,0.28815275616943836,0.25988804269582033,0.26010854821652174
questions-8,hard-sol-c-judge_hard-08-q8,8,0.2727884389460087,0.2686002738773823,0.24796358402818441,0.24861462600529194
questions-8,hard-sol-c-judge_hard-09-q8,8,0.29523557517677546,0.29829603992402554,0.27622724417597055,0.27648898866027594
questions-8,hard-sol-c-judge_hard-10-q8,8,0.3169580725952983,0.3197693144902587,0.29039205703884363,0.2903343290090561
questions-8,hard-sol-c-judge_hard-11-q8,8,0.29833577666431665,0.2989487200975418,0.276958592236042,0.2778787361457944
questions-8,hard-sol-c-judge_hard-13-q8,8,0.29274905286729336,0.2900575948879123,0.2671976266428828,0.26990056317299604
questions-8,hard-sol-c-judge_hard-15-q8,8,0.26207865308970213,0.2633320018649101,0.24056084360927343,0.23810052126646042
mixed-types,choice-score-0,3,0.1367520811036229,0.1371784657239914,0.08931048680096865,0.08986332919448614
mixed-types,choice-score-1,3,0.14127317164093256,0.14102720469236374,0.10503425356000662,0.1075960136950016
mixed-types,choice-score-2,3,0.1616301704198122,0.16110578831285238,0.134822147898376,0.13644948601722717
mixed-types,choice-score-3,3,0.18371393252164125,0.18325003795325756,0.1605533054098487,0.1624906938523054
mixed-types,choice-score-4,3,0.2081585144624114,0.20976586360484362,0.18415218871086836,0.18341888301074505
mixed-types,choice-score-5,3,0.24009016156196594,0.24020289443433285,0.20582004450261593,0.20914695225656033
mixed-types,choice-score-6,3,0.2605044934898615,0.2590738916769624,0.2570664621889591,0.24886900559067726
mixed-types,choice-score-7,3,0.28563778195530176,0.2838850812986493,0.26776767801493406,0.26990082021802664
mixed-types,choice-score-8,3,0.3297129459679127,0.3358356477692723,0.2912302576005459,0.29130055475980043
mixed-types,choice-score-9,3,0.35509475879371166,0.35277013201266527,0.33514653239399195,0.3341169795021415
mixed-types,choice-score-10,3,0.39042334351688623,0.38130088802427053,0.3545829514041543,0.3550212234258652
mixed-types,choice-score-11,3,0.40754649974405766,0.405721134506166,0.37989793717861176,0.37771117873489857
